{
  "id": "",
  "name": "",
  "font_family": "iconfont",
  "css_prefix_text": "icon-",
  "description": "",
  "glyphs": [
    {
      "icon_id": "521966",
      "name": "搜索",
      "font_class": "sousuo",
      "unicode": "e62b",
      "unicode_decimal": 58923
    },
    {
      "icon_id": "608352",
      "name": "箭头",
      "font_class": "jiantouarrow487",
      "unicode": "e6ab",
      "unicode_decimal": 59051
    },
    {
      "icon_id": "810220",
      "name": "箭头",
      "font_class": "jiantou-copy",
      "unicode": "e667",
      "unicode_decimal": 58983
    },
    {
      "icon_id": "1089766",
      "name": "分类",
      "font_class": "fenlei",
      "unicode": "e659",
      "unicode_decimal": 58969
    },
    {
      "icon_id": "1211848",
      "name": "我的",
      "font_class": "wode",
      "unicode": "e619",
      "unicode_decimal": 58905
    },
    {
      "icon_id": "1638357",
      "name": "首页",
      "font_class": "shouye",
      "unicode": "e615",
      "unicode_decimal": 58901
    },
    {
      "icon_id": "3217799",
      "name": "分类",
      "font_class": "icon-",
      "unicode": "e601",
      "unicode_decimal": 58881
    },
    {
      "icon_id": "6554427",
      "name": "订单列表",
      "font_class": "dingdanliebiao",
      "unicode": "e668",
      "unicode_decimal": 58984
    },
    {
      "icon_id": "11124977",
      "name": "购物车",
      "font_class": "3",
      "unicode": "e618",
      "unicode_decimal": 58904
    }
  ]
}
